{
  "ARI": 52.56818181818181,
  "ATL": 42.61647727272727,
  "BAL": 49.35795454545455,
  "BUF": 63.80397727272727,
  "CAR": 43.57954545454545,
  "CHI": 45.18465909090909,
  "CIN": 31.38068181818182,
  "CLE": 35.23295454545455,
  "DAL": 44.22159090909091,
  "DEN": 59.30965909090909,
  "DET": 65.73011363636364,
  "GB": 55.77840909090909,
  "HOU": 54.17329545454545,
  "IND": 62.840909090909086,
  "JAX": 57.70454545454545,
  "KC": 56.74147727272727,
  "LA": 56.09943181818182,
  "LAC": 55.45738636363637,
  "LV": 42.9375,
  "MIA": 38.76420454545455,
  "MIN": 57.0625,
  "NE": 56.74147727272727,
  "NO": 32.34375,
  "NYG": 41.01136363636364,
  "NYJ": 40.36931818181818,
  "PHI": 56.42045454545455,
  "PIT": 47.75284090909091,
  "SEA": 64.125,
  "SF": 51.60511363636363,
  "TB": 50.0,
  "TEN": 27.849431818181817,
  "WAS": 55.13636363636364
}