{
  "ARI": {
    "rank": 23,
    "yards_allowed": 340.6666564941406
  },
  "ATL": {
    "rank": 2,
    "yards_allowed": 227.3333282470703
  },
  "BAL": {
    "rank": 32,
    "yards_allowed": 415.0
  },
  "BUF": {
    "rank": 9,
    "yards_allowed": 287.3333435058594
  },
  "CAR": {
    "rank": 21,
    "yards_allowed": 334.3333435058594
  },
  "CHI": {
    "rank": 29,
    "yards_allowed": 388.3333435058594
  },
  "CIN": {
    "rank": 25,
    "yards_allowed": 359.6666564941406
  },
  "CLE": {
    "rank": 1,
    "yards_allowed": 204.3333282470703
  },
  "DAL": {
    "rank": 30,
    "yards_allowed": 397.6666564941406
  },
  "DEN": {
    "rank": 19,
    "yards_allowed": 327.3333435058594
  },
  "DET": {
    "rank": 13,
    "yards_allowed": 307.6666564941406
  },
  "GB": {
    "rank": 3,
    "yards_allowed": 233.0
  },
  "HOU": {
    "rank": 16,
    "yards_allowed": 315.6666564941406
  },
  "IND": {
    "rank": 7,
    "yards_allowed": 273.0
  },
  "JAX": {
    "rank": 10,
    "yards_allowed": 292.0
  },
  "KC": {
    "rank": 11,
    "yards_allowed": 297.0
  },
  "LA": {
    "rank": 5,
    "yards_allowed": 268.3333435058594
  },
  "LAC": {
    "rank": 8,
    "yards_allowed": 276.6666564941406
  },
  "LV": {
    "rank": 24,
    "yards_allowed": 351.0
  },
  "MIA": {
    "rank": 26,
    "yards_allowed": 371.0
  },
  "MIN": {
    "rank": 6,
    "yards_allowed": 271.3333435058594
  },
  "NE": {
    "rank": 17,
    "yards_allowed": 316.6666564941406
  },
  "NO": {
    "rank": 15,
    "yards_allowed": 313.3333435058594
  },
  "NYG": {
    "rank": 31,
    "yards_allowed": 405.3333435058594
  },
  "NYJ": {
    "rank": 22,
    "yards_allowed": 340.3333435058594
  },
  "PHI": {
    "rank": 18,
    "yards_allowed": 319.0
  },
  "PIT": {
    "rank": 28,
    "yards_allowed": 386.0
  },
  "SEA": {
    "rank": 14,
    "yards_allowed": 312.3333435058594
  },
  "SF": {
    "rank": 4,
    "yards_allowed": 265.6666564941406
  },
  "TB": {
    "rank": 11,
    "yards_allowed": 297.0
  },
  "TEN": {
    "rank": 27,
    "yards_allowed": 373.6666564941406
  },
  "WAS": {
    "rank": 20,
    "yards_allowed": 330.3333435058594
  }
}