{
  "ARI": 94.43636363636365,
  "ATL": 77.24545454545455,
  "BAL": 88.89090909090909,
  "BUF": 113.84545454545456,
  "CAR": 78.9090909090909,
  "CHI": 81.68181818181819,
  "CIN": 57.83636363636364,
  "CLE": 64.4909090909091,
  "DAL": 80.01818181818182,
  "DEN": 106.08181818181819,
  "DET": 117.17272727272729,
  "GB": 99.98181818181818,
  "HOU": 97.2090909090909,
  "IND": 112.18181818181819,
  "JAX": 103.30909090909091,
  "KC": 101.64545454545456,
  "LA": 100.53636363636366,
  "LAC": 99.42727272727272,
  "LV": 77.8,
  "MIA": 70.5909090909091,
  "MIN": 102.2,
  "NE": 101.64545454545456,
  "NO": 59.5,
  "NYG": 74.47272727272728,
  "NYJ": 73.36363636363636,
  "PHI": 101.0909090909091,
  "PIT": 86.11818181818182,
  "SEA": 114.4,
  "SF": 92.77272727272728,
  "TB": 90.0,
  "TEN": 52.63636363636364,
  "WAS": 98.87272727272727
}