{
  "A.Rodgers": {
    "passing_yards_L4": 175.83064009140662,
    "passing_yards_L8": 190.97068202512347,
    "passing_yards_L16": 202.72330345559794,
    "completion_pct_L4": 0.650130533027498,
    "completion_pct_L8": 0.6149088093576204,
    "attempts_L4": 27.709516614616575,
    "attempts_L8": 30.628712880101936,
    "passing_tds_L4": 1.7006505914278045,
    "passing_tds_L8": 1.9306648907404789,
    "interception_L4": 0.6710858591708722,
    "team": "PIT",
    "last_opponent": "CLE"
  },
  "B.Mayfield": {
    "passing_yards_L4": 289.7344931851805,
    "passing_yards_L8": 263.17229355304306,
    "passing_yards_L16": 256.7017177983598,
    "completion_pct_L4": 0.6664873547553508,
    "completion_pct_L8": 0.6469788949516209,
    "attempts_L4": 36.79963339767061,
    "attempts_L8": 36.66859717669857,
    "passing_tds_L4": 1.8023667677108768,
    "passing_tds_L8": 2.2123327452029047,
    "interception_L4": 0.2758193945926257,
    "team": "TB",
    "last_opponent": "SF"
  },
  "B.Nix": {
    "passing_yards_L4": 236.6764540262134,
    "passing_yards_L8": 231.74983662914997,
    "passing_yards_L16": 228.01773639642118,
    "completion_pct_L4": 0.6192263342980102,
    "completion_pct_L8": 0.6576225337322894,
    "attempts_L4": 37.336176728322435,
    "attempts_L8": 36.16814757858009,
    "passing_tds_L4": 1.559040192482745,
    "passing_tds_L8": 1.948927961603368,
    "interception_L4": 0.4174297935376853,
    "team": "DEN",
    "last_opponent": "NYJ"
  },
  "B.Young": {
    "passing_yards_L4": 172.68075358668935,
    "passing_yards_L8": 177.95083080010974,
    "passing_yards_L16": 179.6613711331985,
    "completion_pct_L4": 0.5995143313386071,
    "completion_pct_L8": 0.5898154065260083,
    "attempts_L4": 34.02261835195506,
    "attempts_L8": 34.612995790496925,
    "passing_tds_L4": 1.4705245397741873,
    "passing_tds_L8": 1.6494404793081618,
    "interception_L4": 0.5265473731182511,
    "team": "CAR",
    "last_opponent": "DAL"
  },
  "C.Rush": {
    "passing_yards_L4": 145.25656192781105,
    "passing_yards_L8": 168.99897316443014,
    "passing_yards_L16": 143.26041767024645,
    "completion_pct_L4": 0.645276506801324,
    "completion_pct_L8": 0.6215896923218077,
    "attempts_L4": 22.498666685747875,
    "attempts_L8": 26.96334770401664,
    "passing_tds_L4": 0.33924363123418283,
    "passing_tds_L8": 1.023450402989668,
    "interception_L4": 1.5500773870978208,
    "team": "BAL",
    "last_opponent": "LA"
  },
  "C.Stroud": {
    "passing_yards_L4": 194.32906933716245,
    "passing_yards_L8": 166.90202168184317,
    "passing_yards_L16": 173.97868892673256,
    "completion_pct_L4": 0.6351287040173511,
    "completion_pct_L8": 0.6065051901786869,
    "attempts_L4": 32.47204506092857,
    "attempts_L8": 30.264069967477614,
    "passing_tds_L4": 1.2433265752281317,
    "passing_tds_L8": 1.127293310678279,
    "interception_L4": 0.693249188130311,
    "team": "HOU",
    "last_opponent": "BAL"
  },
  "C.Ward": {
    "passing_yards_L4": 180.48691084405053,
    "passing_yards_L8": 164.51796149324417,
    "passing_yards_L16": 164.51796149324417,
    "completion_pct_L4": 0.4897691867461889,
    "completion_pct_L8": 0.4758210839149828,
    "attempts_L4": 36.91133051115718,
    "attempts_L8": 36.57011532659271,
    "passing_tds_L4": 0.33924363123418283,
    "passing_tds_L8": 0.3344818822761268,
    "interception_L4": 0.8583896010549404,
    "team": "TEN",
    "last_opponent": "LV"
  },
  "C.Wentz": {
    "passing_yards_L4": 177.34936054878912,
    "passing_yards_L8": 165.870696922663,
    "passing_yards_L16": 165.870696922663,
    "completion_pct_L4": 0.5737833252152307,
    "completion_pct_L8": 0.5791608633612966,
    "attempts_L4": 30.79408740859805,
    "attempts_L8": 28.995440883758526,
    "passing_tds_L4": 1.3215127375316342,
    "passing_tds_L8": 1.3310362354477463,
    "interception_L4": 0.7698739483463829,
    "team": "MIN",
    "last_opponent": "CLE"
  },
  "C.Williams": {
    "passing_yards_L4": 223.16902271017284,
    "passing_yards_L8": 202.8901865381804,
    "passing_yards_L16": 191.71209198277666,
    "completion_pct_L4": 0.5890839466962938,
    "completion_pct_L8": 0.5870746176293493,
    "attempts_L4": 34.69459970014538,
    "attempts_L8": 34.55000295402613,
    "passing_tds_L4": 2.0250914160670006,
    "passing_tds_L8": 1.642444367802488,
    "interception_L4": 0.5825702064623146,
    "team": "CHI",
    "last_opponent": "WAS"
  },
  "D.Gabriel": {
    "passing_yards_L4": 95.71958191342014,
    "passing_yards_L8": 95.71958191342014,
    "passing_yards_L16": 95.71958191342014,
    "completion_pct_L4": 0.5629667653759072,
    "completion_pct_L8": 0.5629667653759072,
    "attempts_L4": 18.086500351288276,
    "attempts_L8": 18.086500351288276,
    "passing_tds_L4": 1.1992845053371557,
    "passing_tds_L8": 1.1992845053371557,
    "interception_L4": 0.0,
    "team": "CLE",
    "last_opponent": "PIT"
  },
  "D.Jones": {
    "passing_yards_L4": 238.40300742279612,
    "passing_yards_L8": 232.0472205024298,
    "passing_yards_L16": 207.4798145941245,
    "completion_pct_L4": 0.6631189337403594,
    "completion_pct_L8": 0.6536342698996574,
    "attempts_L4": 31.868856754589192,
    "attempts_L8": 32.840518809321225,
    "passing_tds_L4": 1.3849369741731914,
    "passing_tds_L8": 1.1108127054216128,
    "interception_L4": 0.5516387891852514,
    "team": "IND",
    "last_opponent": "ARI"
  },
  "D.Maye": {
    "passing_yards_L4": 238.05761145623353,
    "passing_yards_L8": 205.17720706722739,
    "passing_yards_L16": 195.39354473376264,
    "completion_pct_L4": 0.6843470459601007,
    "completion_pct_L8": 0.6412491718841139,
    "attempts_L4": 30.035072353270497,
    "attempts_L8": 29.773699360659634,
    "passing_tds_L4": 1.2301260516536172,
    "passing_tds_L8": 1.2244064292552204,
    "interception_L4": 0.19763323228912322,
    "team": "NE",
    "last_opponent": "NO"
  },
  "D.Prescott": {
    "passing_yards_L4": 274.0453224383093,
    "passing_yards_L8": 241.82391231340802,
    "passing_yards_L16": 250.7068992202926,
    "completion_pct_L4": 0.6894398418883854,
    "completion_pct_L8": 0.6668431719096404,
    "attempts_L4": 39.143505333903974,
    "attempts_L8": 38.23752680007779,
    "passing_tds_L4": 2.8480601106498855,
    "passing_tds_L8": 1.953220905018444,
    "interception_L4": 0.536876863523306,
    "team": "DAL",
    "last_opponent": "CAR"
  },
  "G.Smith": {
    "passing_yards_L4": 178.62799419404195,
    "passing_yards_L8": 205.11260016439323,
    "passing_yards_L16": 207.85891959981632,
    "completion_pct_L4": 0.6009175065708248,
    "completion_pct_L8": 0.61667002580177,
    "attempts_L4": 34.34510834037223,
    "attempts_L8": 34.5512051129279,
    "passing_tds_L4": 1.144538486052621,
    "passing_tds_L8": 1.4883219041324545,
    "interception_L4": 2.0221633289594387,
    "team": "LV",
    "last_opponent": "TEN"
  },
  "J.Allen": {
    "passing_yards_L4": 207.92733783923916,
    "passing_yards_L8": 227.76862837079221,
    "passing_yards_L16": 241.29000168260683,
    "completion_pct_L4": 0.6665270920514932,
    "completion_pct_L8": 0.6481744486575552,
    "attempts_L4": 28.824335379603014,
    "attempts_L8": 31.13214319362336,
    "passing_tds_L4": 1.9144124343990039,
    "passing_tds_L8": 1.8092816170751818,
    "interception_L4": 0.6607563687658171,
    "team": "BUF",
    "last_opponent": "ATL"
  },
  "J.Browning": {
    "passing_yards_L4": 139.1236164277662,
    "passing_yards_L8": 184.61149365348646,
    "passing_yards_L16": 184.91223408287883,
    "completion_pct_L4": 0.5923101310904013,
    "completion_pct_L8": 0.6009585710750944,
    "attempts_L4": 29.25658415274075,
    "attempts_L8": 32.96043536883611,
    "passing_tds_L4": 1.095917056006051,
    "passing_tds_L8": 1.3609259453859015,