{
  "A.Rodgers": {
    "passing_yards_L4": 194.328261839582,
    "passing_yards_L8": 194.21403832881134,
    "passing_yards_L16": 203.5527501802529,
    "completion_pct_L4": 0.6711120665877683,
    "completion_pct_L8": 0.6388447178226597,
    "attempts_L4": 27.952923799035798,
    "attempts_L8": 30.420354492587002,
    "passing_tds_L4": 1.5825702064623148,
    "passing_tds_L8": 1.8775635218753286,
    "interception_L4": 0.4808540301792424,
    "team": "PIT",
    "last_opponent": "CIN"
  },
  "B.Mayfield": {
    "passing_yards_L4": 283.68776332868816,
    "passing_yards_L8": 259.407246651192,
    "passing_yards_L16": 252.4178360967762,
    "completion_pct_L4": 0.6907440161069658,
    "completion_pct_L8": 0.6544578235673604,
    "attempts_L4": 31.24344068310433,
    "attempts_L8": 33.548504616008486,
    "passing_tds_L4": 1.8583896010549403,
    "passing_tds_L8": 2.1840665642096853,
    "interception_L4": 0.19763323228912322,
    "team": "TB",
    "last_opponent": "DET"
  },
  "B.Nix": {
    "passing_yards_L4": 213.35303478857804,
    "passing_yards_L8": 218.46380636072098,
    "passing_yards_L16": 224.2823818677425,
    "completion_pct_L4": 0.6073637373991233,
    "completion_pct_L8": 0.6473632960989452,
    "attempts_L4": 35.641537299919,
    "attempts_L8": 34.79450747197939,
    "passing_tds_L4": 1.1976332322891232,
    "passing_tds_L8": 1.7602732741381206,
    "interception_L4": 0.19763323228912322,
    "team": "DEN",
    "last_opponent": "NYG"
  },
  "B.Young": {
    "passing_yards_L4": 167.66404938960406,
    "passing_yards_L8": 182.89224310165113,
    "passing_yards_L16": 187.28693957298515,
    "completion_pct_L4": 0.6177807778553691,
    "completion_pct_L8": 0.599788947212376,
    "attempts_L4": 28.501472130056314,
    "attempts_L8": 33.27942148873064,
    "passing_tds_L4": 1.9040829439939488,
    "passing_tds_L8": 1.891561203445876,
    "interception_L4": 0.6607563687658171,
    "team": "CAR",
    "last_opponent": "NYJ"
  },
  "C.Rush": {
    "passing_yards_L4": 145.25656192781105,
    "passing_yards_L8": 168.99897316443014,
    "passing_yards_L16": 143.26041767024645,
    "completion_pct_L4": 0.645276506801324,
    "completion_pct_L8": 0.6215896923218077,
    "attempts_L4": 22.498666685747875,
    "attempts_L8": 26.96334770401664,
    "passing_tds_L4": 0.33924363123418283,
    "passing_tds_L8": 1.023450402989668,
    "interception_L4": 1.5500773870978208,
    "team": "BAL",
    "last_opponent": "LA"
  },
  "C.Stroud": {
    "passing_yards_L4": 211.30184487526213,
    "passing_yards_L8": 182.56915349671613,
    "passing_yards_L16": 179.1241637350016,
    "completion_pct_L4": 0.6914896339496532,
    "completion_pct_L8": 0.6421265087388637,
    "attempts_L4": 31.386360713131424,
    "attempts_L8": 30.033462914313446,
    "passing_tds_L4": 2.4306303171122,
    "passing_tds_L8": 1.6343768670241454,
    "interception_L4": 0.39526646457824643,
    "team": "HOU",
    "last_opponent": "SEA"
  },
  "C.Ward": {
    "passing_yards_L4": 176.40447391739457,
    "passing_yards_L8": 161.0433103256867,
    "passing_yards_L16": 161.0433103256867,
    "completion_pct_L4": 0.5373392461016808,
    "completion_pct_L8": 0.5123658011138043,
    "attempts_L4": 39.14461909524372,
    "attempts_L8": 38.209179173586456,
    "passing_tds_L4": 0.5265473731182511,
    "passing_tds_L8": 0.5183148852211501,
    "interception_L4": 1.0,
    "team": "TEN",
    "last_opponent": "NE"
  },
  "C.Wentz": {
    "passing_yards_L4": 209.73313836660984,
    "passing_yards_L8": 175.96810106354317,
    "passing_yards_L16": 175.96810106354317,
    "completion_pct_L4": 0.6115824348344705,
    "completion_pct_L8": 0.610042314397194,
    "attempts_L4": 36.1046592837207,
    "attempts_L8": 30.439857598467647,
    "passing_tds_L4": 1.3318422279366895,
    "passing_tds_L8": 1.2227688350243788,
    "interception_L4": 0.5516387891852514,
    "team": "MIN",
    "last_opponent": "PHI"
  },
  "C.Williams": {
    "passing_yards_L4": 230.66199784696292,
    "passing_yards_L8": 211.6610327412555,
    "passing_yards_L16": 195.0759911090902,
    "completion_pct_L4": 0.5636944203849361,
    "completion_pct_L8": 0.5771071368723051,
    "attempts_L4": 33.80836060505519,
    "attempts_L8": 34.28133190116192,
    "passing_tds_L4": 1.734510095812429,
    "passing_tds_L8": 1.556920824266954,
    "interception_L4": 0.4174297935376853,
    "team": "CHI",
    "last_opponent": "NO"
  },
  "D.Gabriel": {
    "passing_yards_L4": 123.33319366950805,
    "passing_yards_L8": 123.33319366950805,
    "passing_yards_L16": 123.33319366950805,
    "completion_pct_L4": 0.520578606007614,
    "completion_pct_L8": 0.520578606007614,
    "attempts_L4": 32.32666834731868,
    "attempts_L8": 32.32666834731868,
    "passing_tds_L4": 0.693249188130311,
    "passing_tds_L8": 0.693249188130311,
    "interception_L4": 0.0,
    "team": "CLE",
    "last_opponent": "MIA"
  },
  "D.Jones": {
    "passing_yards_L4": 218.68600392631706,
    "passing_yards_L8": 226.45203276783994,
    "passing_yards_L16": 213.98686834726468,
    "completion_pct_L4": 0.6815964833962482,
    "completion_pct_L8": 0.6723333200919324,
    "attempts_L4": 31.216689930078758,
    "attempts_L8": 31.84752822910515,
    "passing_tds_L4": 1.660756368765817,
    "passing_tds_L8": 1.353845994052998,
    "interception_L4": 0.7802034387514378,
    "team": "IND",
    "last_opponent": "LAC"
  },
  "D.Maye": {
    "passing_yards_L4": 249.24953753221772,
    "passing_yards_L8": 212.91165223361477,
    "passing_yards_L16": 199.6617375026303,
    "completion_pct_L4": 0.6738871024203522,
    "completion_pct_L8": 0.6510581418235352,
    "attempts_L4": 29.276192655722163,
    "attempts_L8": 28.718813229767935,
    "passing_tds_L4": 1.8332981849879397,
    "passing_tds_L8": 1.523108578813668,
    "interception_L4": 0.14161039894505958,
    "team": "NE",
    "last_opponent": "TEN"
  },
  "D.Prescott": {
    "passing_yards_L4": 262.026982634327,
    "passing_yards_L8": 251.1707964419821,
    "passing_yards_L16": 252.01374097769386,
    "completion_pct_L4": 0.7060884296944834,
    "completion_pct_L8": 0.691736621048582,
    "attempts_L4": 35.554648638158895,
    "attempts_L8": 37.48642411989406,
    "passing_tds_L4": 2.992598596702506,
    "passing_tds_L8": 2.2795645493324774,
    "interception_L4": 0.28322079789011917,
    "team": "DAL",
    "last_opponent": "WAS"
  },
  "G.Smith": {
    "passing_yards_L4": 173.59234999234124,
    "passing_yards_L8": 189.86514967304,
    "passing_yards_L16": 203.1881374383887,
    "completion_pct_L4": 0.639158804402917,
    "completion_pct_L8": 0.6200066991618456,
    "attempts_L4": 29.565228746894366,
    "attempts_L8": 32.03310054376157,
    "passing_tds_L4": 1.2050346355866166,
    "passing_tds_L8": 1.298652658194695,
    "interception_L4": 1.5294754602258125,
    "team": "LV",
    "last_opponent": "KC"
  },
  "J.Allen": {
    "passing_yards_L4": 207.92733783923916,
    "passing_yards_L8": 227.76862837079221,
    "passing_yards_L16": 241.29000168260683,
    "completion_pct_L4": 0.6665270920514932,
    "completion_pct_L8": 0.6481744486575552,
    "attempts_L4": 28.824335379603014,
    "attempts_L8": 31.13214319362336,
    "passing_tds_L4": 1.9144124343990039,
    "passing_tds_L8": 1.8092816170751818,
    "interception_L4": 0.6607563687658171,
    "team": "BUF",
    "last_opponent": "ATL"
  },
  "J.Brissett": {
    "passing_yards_L4": 137.1231485476998,
    "passing_yards_L8": 119.38114021167638,
    "passing_yards_L16": 116.45673425512538,
    "completion_pct_L4": 0.5763850698095585,
    "completion_pct_L8": 0.5430939321625047,
    "attempts_L4": 22.06005704370923,
    "attempts_L8": 24.328473755416233,
    "passing_tds_L4": 0.7698739483463829,
    "passing_tds_L8": 0.5584929679143117,
    "interception_L4": 0.38493697417319145,