{
  "A.Rodgers": {
    "passing_yards_L4": 184.0107445776185,
    "passing_yards_L8": 202.1990204269748,
    "passing_yards_L16": 205.45427238343225,
    "completion_pct_L4": 0.5983383673383171,
    "completion_pct_L8": 0.5952794635778755,
    "attempts_L4": 31.301203462598068,
    "attempts_L8": 32.94091100775606,
    "passing_tds_L4": 2.40266786787574,
    "passing_tds_L8": 2.073582439936097,
    "team": "PIT",
    "last_opponent": "MIN"
  },
  "B.Mayfield": {
    "passing_yards_L4": 227.02622155793586,
    "passing_yards_L8": 240.06077135377257,
    "passing_yards_L16": 246.7634973133181,
    "completion_pct_L4": 0.5656274920590044,
    "completion_pct_L8": 0.6153024857380175,
    "attempts_L4": 37.228369932498886,
    "attempts_L8": 36.421512011596896,
    "passing_tds_L4": 1.8657910043524335,
    "passing_tds_L8": 2.388746274142734,
    "team": "TB",
    "last_opponent": "SEA"
  },
  "B.Nix": {
    "passing_yards_L4": 230.25467666201567,
    "passing_yards_L8": 224.18108774780853,
    "passing_yards_L16": 227.01286563658414,
    "completion_pct_L4": 0.6481798873410486,
    "completion_pct_L8": 0.6762578587152289,
    "attempts_L4": 35.34949989469607,
    "attempts_L8": 34.69735258322899,
    "passing_tds_L4": 1.780203438751438,
    "passing_tds_L8": 2.238456731189495,
    "team": "DEN",
    "last_opponent": "PHI"
  },
  "B.Young": {
    "passing_yards_L4": 164.94119642743576,
    "passing_yards_L8": 177.50210183327115,
    "passing_yards_L16": 175.25736215947666,
    "completion_pct_L4": 0.5879790109926913,
    "completion_pct_L8": 0.5868529488632479,
    "attempts_L4": 35.38923289897587,
    "attempts_L8": 35.158067127732195,
    "passing_tds_L4": 1.1194470699856207,
    "passing_tds_L8": 1.523703482299348,
    "team": "CAR",
    "last_opponent": "MIA"
  },
  "C.Stroud": {
    "passing_yards_L4": 194.32906933716245,
    "passing_yards_L8": 166.90202168184317,
    "passing_yards_L16": 173.97868892673256,
    "completion_pct_L4": 0.6351287040173511,
    "completion_pct_L8": 0.6065051901786869,
    "attempts_L4": 32.47204506092857,
    "attempts_L8": 30.264069967477614,
    "passing_tds_L4": 1.2433265752281317,
    "passing_tds_L8": 1.127293310678279,
    "team": "HOU",
    "last_opponent": "BAL"
  },
  "C.Ward": {
    "passing_yards_L4": 126.90113689019975,
    "passing_yards_L8": 126.90113689019975,
    "passing_yards_L16": 126.90113689019975,
    "completion_pct_L4": 0.45616379761807785,
    "completion_pct_L8": 0.45616379761807785,
    "attempts_L4": 34.30252926668516,
    "attempts_L8": 34.30252926668516,
    "passing_tds_L4": 0.473452626881749,
    "passing_tds_L8": 0.473452626881749,
    "team": "TEN",
    "last_opponent": "ARI"
  },
  "C.Wentz": {
    "passing_yards_L4": 177.34936054878912,
    "passing_yards_L8": 165.870696922663,
    "passing_yards_L16": 165.870696922663,
    "completion_pct_L4": 0.5737833252152307,
    "completion_pct_L8": 0.5791608633612966,
    "attempts_L4": 30.79408740859805,
    "attempts_L8": 28.995440883758526,
    "passing_tds_L4": 1.3215127375316342,
    "passing_tds_L8": 1.3310362354477463,
    "team": "MIN",
    "last_opponent": "CLE"
  },
  "C.Williams": {
    "passing_yards_L4": 222.90551678559822,
    "passing_yards_L8": 194.82990886499095,
    "passing_yards_L16": 194.40336264935922,
    "completion_pct_L4": 0.623225542440313,
    "completion_pct_L8": 0.5905519329493133,
    "attempts_L4": 31.575225857102918,
    "attempts_L8": 33.291412572351184,
    "passing_tds_L4": 2.4306303171122,
    "passing_tds_L8": 1.813004659867808,
    "team": "CHI",
    "last_opponent": "LV"
  },
  "D.Jones": {
    "passing_yards_L4": 255.92888516614744,
    "passing_yards_L8": 222.97410972198205,
    "passing_yards_L16": 203.11652574939345,
    "completion_pct_L4": 0.6933595524692426,
    "completion_pct_L8": 0.6519257035985727,
    "attempts_L4": 31.533754059348446,
    "attempts_L8": 32.61007644596718,
    "passing_tds_L4": 1.0,
    "passing_tds_L8": 0.8304580110622075,
    "team": "IND",
    "last_opponent": "LV"
  },
  "D.Maye": {
    "passing_yards_L4": 227.88213652715575,
    "passing_yards_L8": 190.5063507138643,
    "passing_yards_L16": 188.3588728161547,
    "completion_pct_L4": 0.6870760970862314,
    "completion_pct_L8": 0.6471811464044921,
    "attempts_L4": 30.732264094777907,
    "attempts_L8": 28.47755759052408,
    "passing_tds_L4": 1.8583896010549403,
    "passing_tds_L8": 1.4843357223166755,
    "team": "NE",
    "last_opponent": "BUF"
  },
  "D.Prescott": {
    "passing_yards_L4": 282.2992255619482,
    "passing_yards_L8": 249.90859397842007,
    "passing_yards_L16": 247.01794693607798,
    "completion_pct_L4": 0.7170749899455968,
    "completion_pct_L8": 0.6773989139330658,
    "attempts_L4": 43.1856208496725,
    "attempts_L8": 40.509169125126824,
    "passing_tds_L4": 1.8258967816904463,
    "passing_tds_L8": 1.4951006317395075,
    "team": "DAL",
    "last_opponent": "NYJ"
  },
  "G.Smith": {
    "passing_yards_L4": 194.3793744481973,
    "passing_yards_L8": 202.75965034127293,
    "passing_yards_L16": 213.28647139828627,
    "completion_pct_L4": 0.5924772032976104,
    "completion_pct_L8": 0.6175315352141998,
    "attempts_L4": 31.6831317404726,
    "attempts_L8": 32.42020108585006,
    "passing_tds_L4": 1.7389425310693198,
    "passing_tds_L8": 1.7168760497428317,
    "team": "LV",
    "last_opponent": "IND"
  },
  "J.Allen": {
    "passing_yards_L4": 213.6528295055119,
    "passing_yards_L8": 232.0971154968412,
    "passing_yards_L16": 236.7293369546789,
    "completion_pct_L4": 0.656106005309369,
    "completion_pct_L8": 0.6345806886546499,
    "attempts_L4": 29.975379779933682,
    "attempts_L8": 31.35838739759915,
    "passing_tds_L4": 1.8805529300143793,
    "passing_tds_L8": 1.851897275578269,
    "team": "BUF",
    "last_opponent": "NE"
  },
  "J.Browning": {
    "passing_yards_L4": 139.1236164277662,
    "passing_yards_L8": 184.61149365348646,
    "passing_yards_L16": 184.91223408287883,
    "completion_pct_L4": 0.5923101310904013,
    "completion_pct_L8": 0.6009585710750944,
    "attempts_L4": 29.25658415274075,
    "attempts_L8": 32.96043536883611,
    "passing_tds_L4": 1.095917056006051,
    "passing_tds_L8": 1.3609259453859015,
    "team": "CIN",
    "last_opponent": "DET"
  },
  "J.Daniels": {
    "passing_yards_L4": 159.08573286965208,
    "passing_yards_L8": 180.48510813566674,
    "passing_yards_L16": 189.42082754897623,
    "completion_pct_L4": 0.5386333040465036,
    "completion_pct_L8": 0.5832028686622681,
    "attempts_L4": 35.392361932723674,
    "attempts_L8": 35.59574369156325,
    "passing_tds_L4": 1.4705245397741873,
    "passing_tds_L8": 2.078207550213052,
    "team": "WAS",
    "last_opponent": "LAC"
  },
  "J.Fields": {
    "passing_yards_L4": 117.24282549494148,
    "passing_yards_L8": 132.84694544950366,
    "passing_yards_L16": 146.04303455169926,
    "completion_pct_L4": 0.5953218015271039,
    "completion_pct_L8": 0.5813709220089616,
    "attempts_L4": 19.6336323546107,
    "attempts_L8": 22.997911569373805,
    "passing_tds_L4": 0.5825702064623146,
    "passing_tds_L8": 0.6885461267465223,
    "team": "NYJ",
    "last_opponent": "DAL"
  },
  "J.Flacco": {
    "passing_yards_L4": 190.59902706559384,
    "passing_yards_L8": 214.26603510510805,
    "passing_yards_L16": 241.79788955926256,
    "completion_pct_L4": 0.5721097774633177,
    "completion_pct_L8": 0.5867946106029716,
    "attempts_L4": 42.58418866248784,
    "attempts_L8": 41.051245236427384,
    "passing_tds_L4": 0.6150630258268086,
    "passing_tds_L8": 0.9995634305685334,
    "team": "CLE",
    "last_opponent": "DET"
  },
  "J.Goff": {
    "passing_yards_L4": 214.71650874238566,
    "passing_yards_L8": 254.37743128001702,
    "passing_yards_L16": 254.47515996342813,