{
  "A.Rodgers": {
    "passing_yards_L4": 203.56249999999997,
    "passing_yards_L8": 217.2053571428571,
    "passing_yards_L16": 217.15312500000002,
    "completion_pct_L4": 0.6154313487241797,
    "completion_pct_L8": 0.6005040957781979,
    "attempts_L4": 34.29166666666667,
    "attempts_L8": 35.42410714285714,
    "passing_tds_L4": 2.520833333333333,
    "passing_tds_L8": 2.2098214285714284,
    "team": "PIT",
    "last_opponent": "SEA"
  },
  "B.Mayfield": {
    "passing_yards_L4": 239.91666666666666,
    "passing_yards_L8": 253.22767857142856,
    "passing_yards_L16": 249.01770833333336,
    "completion_pct_L4": 0.6414875072632191,
    "completion_pct_L8": 0.6545383918166515,
    "attempts_L4": 35.85416666666666,
    "attempts_L8": 34.47767857142857,
    "passing_tds_L4": 2.9999999999999996,
    "passing_tds_L8": 2.633928571428571,
    "team": "TB",
    "last_opponent": "HOU"
  },
  "B.Nix": {
    "passing_yards_L4": 231.95833333333331,
    "passing_yards_L8": 235.41071428571428,
    "passing_yards_L16": 214.8208333333333,
    "completion_pct_L4": 0.7143681477207156,
    "completion_pct_L8": 0.6730225119940952,
    "attempts_L4": 36.104166666666664,
    "attempts_L8": 36.29017857142857,
    "passing_tds_L4": 2.458333333333333,
    "passing_tds_L8": 2.4732142857142856,
    "team": "DEN",
    "last_opponent": "IND"
  },
  "B.Purdy": {
    "passing_yards_L4": 282.9375,
    "passing_yards_L8": 243.89732142857142,
    "passing_yards_L16": 245.98125000000002,
    "completion_pct_L4": 0.6406900654372397,
    "completion_pct_L8": 0.6425972572068288,
    "attempts_L4": 35.02083333333333,
    "attempts_L8": 31.901785714285715,
    "passing_tds_L4": 1.8541666666666667,
    "passing_tds_L8": 1.4330357142857142,
    "team": "SF",
    "last_opponent": "SEA"
  },
  "B.Young": {
    "passing_yards_L4": 178.10416666666663,
    "passing_yards_L8": 195.9375,
    "passing_yards_L16": 158.0510416666667,
    "completion_pct_L4": 0.5684931506849316,
    "completion_pct_L8": 0.5622388248702038,
    "attempts_L4": 33.45833333333333,
    "attempts_L8": 35.254464285714285,
    "passing_tds_L4": 1.9583333333333333,
    "passing_tds_L8": 1.5625,
    "team": "CAR",
    "last_opponent": "ARI"
  },
  "C.Stroud": {
    "passing_yards_L4": 137.20833333333331,
    "passing_yards_L8": 163.72321428571428,
    "passing_yards_L16": 184.05729166666669,
    "completion_pct_L4": 0.5854601701469451,
    "completion_pct_L8": 0.589283107022923,
    "attempts_L4": 26.9375,
    "attempts_L8": 30.57589285714286,
    "passing_tds_L4": 0.6458333333333333,
    "passing_tds_L8": 0.9642857142857142,
    "team": "HOU",
    "last_opponent": "TB"
  },
  "C.Ward": {
    "passing_yards_L4": 61.99999999999999,
    "passing_yards_L8": 61.99999999999999,
    "passing_yards_L16": 61.99999999999999,
    "completion_pct_L4": 0.35294117647058826,
    "completion_pct_L8": 0.35294117647058826,
    "attempts_L4": 34.0,
    "attempts_L8": 34.0,
    "passing_tds_L4": 0.0,
    "passing_tds_L8": 0.0,
    "team": "TEN",
    "last_opponent": "LA"
  },
  "C.Williams": {
    "passing_yards_L4": 178.04166666666666,
    "passing_yards_L8": 186.95982142857142,
    "passing_yards_L16": 189.47604166666667,
    "completion_pct_L4": 0.5887905604719763,
    "completion_pct_L8": 0.5666786700276077,
    "attempts_L4": 35.3125,
    "attempts_L8": 37.19196428571428,
    "passing_tds_L4": 0.9583333333333333,
    "passing_tds_L8": 1.4017857142857142,
    "team": "CHI",
    "last_opponent": "DET"
  },
  "D.Jones": {
    "passing_yards_L4": 210.83333333333334,
    "passing_yards_L8": 197.33482142857142,
    "passing_yards_L16": 179.90312500000005,
    "completion_pct_L4": 0.633353401565322,
    "completion_pct_L8": 0.6138165345413364,
    "attempts_L4": 34.604166666666664,
    "attempts_L8": 35.47767857142856,
    "passing_tds_L4": 0.7708333333333334,
    "passing_tds_L8": 0.6383928571428571,
    "team": "IND",
    "last_opponent": "DEN"
  },
  "D.Maye": {
    "passing_yards_L4": 151.18749999999997,
    "passing_yards_L8": 178.1875,
    "passing_yards_L16": 168.00961538461536,
    "completion_pct_L4": 0.5555555555555556,
    "completion_pct_L8": 0.6020780679584385,
    "attempts_L4": 29.249999999999996,
    "attempts_L8": 31.794642857142858,
    "passing_tds_L4": 0.9166666666666665,
    "passing_tds_L8": 1.0758928571428572,
    "team": "NE",
    "last_opponent": "MIA"
  },
  "D.Prescott": {
    "passing_yards_L4": 175.45833333333334,
    "passing_yards_L8": 227.7723214285714,
    "passing_yards_L16": 238.25625,
    "completion_pct_L4": 0.6083437110834371,
    "completion_pct_L8": 0.6147315556618439,
    "attempts_L4": 33.45833333333333,
    "attempts_L8": 37.33482142857142,
    "passing_tds_L4": 0.7291666666666665,
    "passing_tds_L8": 1.1875,
    "team": "DAL",
    "last_opponent": "NYG"
  },
  "G.Smith": {
    "passing_yards_L4": 250.33333333333331,
    "passing_yards_L8": 221.52232142857144,
    "passing_yards_L16": 237.10312500000003,
    "completion_pct_L4": 0.6638141809290955,
    "completion_pct_L8": 0.6668040670513878,
    "attempts_L4": 34.08333333333333,
    "attempts_L8": 32.49107142857142,
    "passing_tds_L4": 1.9583333333333333,
    "passing_tds_L8": 1.4419642857142856,
    "team": "LV",
    "last_opponent": "LAC"
  },
  "J.Allen": {
    "passing_yards_L4": 273.5625,
    "passing_yards_L8": 266.38839285714283,
    "passing_yards_L16": 244.90520833333338,
    "completion_pct_L4": 0.6306620209059234,
    "completion_pct_L8": 0.6308392973324658,
    "attempts_L4": 35.875,
    "attempts_L8": 34.30803571428571,
    "passing_tds_L4": 1.770833333333333,
    "passing_tds_L8": 1.6919642857142858,
    "team": "BUF",
    "last_opponent": "NYJ"
  },
  "J.Browning": {
    "passing_yards_L4": 212.83333333333331,
    "passing_yards_L8": 222.63839285714283,
    "passing_yards_L16": 203.875,
    "completion_pct_L4": 0.5976884975233903,
    "completion_pct_L8": 0.6368165727022419,
    "attempts_L4": 37.854166666666664,
    "attempts_L8": 34.04910714285714,
    "passing_tds_L4": 1.8124999999999998,
    "passing_tds_L8": 1.5625,
    "team": "CIN",
    "last_opponent": "JAX"
  },
  "J.Burrow": {
    "passing_yards_L4": 223.68749999999997,
    "passing_yards_L8": 264.9241071428571,
    "passing_yards_L16": 269.6572916666667,
    "completion_pct_L4": 0.6763506625891946,
    "completion_pct_L8": 0.6672975814931652,
    "attempts_L4": 40.875,
    "attempts_L8": 42.45535714285714,
    "passing_tds_L4": 1.833333333333333,
    "passing_tds_L8": 2.3928571428571423,
    "team": "CIN",
    "last_opponent": "JAX"
  },
  "J.Daniels": {
    "passing_yards_L4": 164.39583333333331,
    "passing_yards_L8": 184.49999999999997,
    "passing_yards_L16": 195.59270833333335,
    "completion_pct_L4": 0.5601328903654484,
    "completion_pct_L8": 0.6075684169176379,
    "attempts_L4": 31.354166666666664,
    "attempts_L8": 34.09374999999999,
    "passing_tds_L4": 1.9374999999999998,
    "passing_tds_L8": 2.0937499999999996,
    "team": "WAS",
    "last_opponent": "GB"
  },
  "J.Fields": {
    "passing_yards_L4": 113.02083333333331,
    "passing_yards_L8": 146.88392857142858,
    "passing_yards_L16": 153.10520833333334,
    "completion_pct_L4": 0.5562565720294427,
    "completion_pct_L8": 0.6017118921872153,
    "attempts_L4": 19.8125,
    "attempts_L8": 24.513392857142854,
    "passing_tds_L4": 0.6875,
    "passing_tds_L8": 0.7499999999999999,
    "team": "NYJ",
    "last_opponent": "BUF"
  },
  "J.Flacco": {
    "passing_yards_L4": 273.4583333333333,
    "passing_yards_L8": 243.88392857142856,
    "passing_yards_L16": 264.9679487179487,
    "completion_pct_L4": 0.6214908034849952,
    "completion_pct_L8": 0.6145996860282573,
    "attempts_L4": 43.04166666666666,
    "attempts_L8": 39.8125,
    "passing_tds_L4": 1.4166666666666665,